City_ID,City,Lat,Lng,Max Temp,Humidity,Cloudiness,Wind Speed,Country,Date
0,ushuaia,-54.8,-68.3,282.96,57,40,14.4,AR,1707342750
1,port-aux-francais,-49.35,70.2167,277.85,77,94,11.84,TF,1707342979
2,grytviken,-54.2811,-36.5092,283.86,65,100,6.44,GS,1707342979
3,taoudenni,22.6783,-3.9836,293.15,13,2,4.56,ML,1707342979
4,morehead city,34.7229,-76.726,284.17,68,0,7.2,US,1707342979
5,uturoa,-16.7333,-151.4333,301.37,87,45,14.13,PF,1707342979
6,ola,59.5833,151.2833,247.52,90,28,3.24,RU,1707342907
7,waitangi,-43.9535,-176.5597,291.94,91,83,2.36,NZ,1707342979
8,edinburgh of the seven seas,-37.0676,-12.3116,290.62,65,55,1.55,SH,1707342980
9,christchurch,-43.5333,172.6333,290.9,92,100,6.17,NZ,1707342980
10,qaqortoq,60.7167,-46.0333,264.9,74,100,2.01,GL,1707342980
11,hithadhoo,-0.6,73.0833,300.86,74,12,3.2,MV,1707342980
12,colonia,50.9333,6.95,277.92,90,75,1.54,DE,1707342728
13,albany,42.6001,-73.9662,276.78,78,77,0.91,US,1707342884
14,susuman,62.7833,148.1667,239.81,100,98,0.89,RU,1707342980
15,zhezqazghan,47.7833,67.7667,266.68,91,89,8.59,KZ,1707342980
16,barcelos,41.5388,-8.6151,289.23,90,100,5.88,PT,1707342980
17,bom jesus do itabapoana,-21.1339,-41.6797,297.49,93,100,1.65,BR,1707342980
18,bizhbulyak,53.6967,54.2642,260.4,95,100,6.64,RU,1707342981
19,kerikeri,-35.2268,173.9474,295.88,81,4,1.59,NZ,1707342981
20,arraial do cabo,-22.9661,-42.0278,302.07,74,20,5.66,BR,1707342981
21,norilsk,69.3535,88.2027,249.17,94,46,2.09,RU,1707342981
22,cannonvale,-20.2833,148.7,301.81,62,100,7.6,AU,1707342981
23,papatowai,-46.5619,169.4708,288.21,58,35,7.8,NZ,1707342981
24,mao,39.8885,4.2658,283.46,100,0,2.06,ES,1707342838
25,whitehorse,60.7161,-135.0538,256.58,85,20,1.03,CA,1707342981
26,hadibu,12.65,54.0333,298.07,68,100,5.07,YE,1707342982
27,ust-nera,64.5667,143.2,243.21,100,100,0.84,RU,1707342982
28,west island,-12.1568,96.8225,299.14,94,40,0.0,CC,1707342982
29,atafu village,-8.5421,-172.5159,301.37,81,100,7.88,TK,1707342982
30,villamontes,-21.25,-63.5,309.84,39,75,2.06,BO,1707342982
31,litayan,7.3358,124.0347,298.95,83,97,3.33,PH,1707342982
32,praia,14.9215,-23.5087,298.45,53,0,6.69,CV,1707342982
33,georgetown,5.4112,100.3354,300.11,98,20,1.54,MY,1707342982
34,hammerfest,70.6634,23.6821,263.4,67,0,5.14,NO,1707342982
35,tsiombe,-25.3,45.4833,294.58,89,11,2.25,MG,1707342983
36,blackmans bay,-43.0167,147.3167,289.55,76,87,1.18,AU,1707342983
37,icano,-28.9193,-65.3282,308.56,31,100,5.36,AR,1707342983
38,olonkinbyen,70.9221,-8.7187,269.66,70,90,8.37,SJ,1707342983
39,invercargill,-46.4,168.35,288.72,66,46,8.49,NZ,1707342983
40,kencong,-8.2833,113.3667,297.06,93,55,1.33,ID,1707342983
41,badger,64.8,-147.5333,264.66,78,75,1.54,US,1707342983
42,bethel,41.3712,-73.414,279.82,47,39,1.35,US,1707342983
43,inhambane,-23.865,35.3833,298.09,77,1,3.46,MZ,1707342983
44,st. john's,47.5649,-52.7093,271.92,86,100,11.18,CA,1707342861
45,levuka,50.1834,-105.4011,273.05,98,100,4.81,CA,1707342983
46,bredasdorp,-34.5322,20.0403,291.93,78,4,4.77,ZA,1707342984
47,sangmelima,2.9333,11.9833,295.02,38,37,0.89,CM,1707342984
48,kiunga,-6.1219,141.2906,296.08,95,100,0.94,PG,1707342984
49,iqaluit,63.7506,-68.5145,253.0,65,75,3.09,CA,1707342984
50,margaret river,-33.95,115.0667,290.75,49,0,2.46,AU,1707342984
51,lihue,21.9789,-159.3672,299.73,67,20,6.69,US,1707342984
52,rupert,42.6191,-113.6772,278.12,65,100,8.23,US,1707342730
53,kruisfontein,-34.0033,24.7314,292.53,76,15,4.97,ZA,1707342984
54,at taj,24.2049,23.2857,285.57,37,0,3.35,LY,1707342984
55,yuzhno-kurilsk,44.0306,145.8556,264.47,86,39,1.54,RU,1707342985
56,laojunmiao,39.8333,97.7333,264.4,56,59,1.15,CN,1707342985
57,nema,57.5067,50.5011,254.75,100,95,1.92,RU,1707342985
58,tazovsky,67.4667,78.7,260.57,96,100,4.84,RU,1707342985
59,san felipe,10.3399,-68.7425,297.44,96,75,3.05,VE,1707342985
60,siwa oasis,29.2041,25.5195,287.99,49,0,1.93,EG,1707342985
61,wynyard,-41.0,145.7167,289.2,73,77,3.55,AU,1707342985
62,puerto natales,-51.7236,-72.4875,287.4,47,75,15.95,CL,1707342985
63,puerto ayora,-0.7393,-90.3518,303.13,95,79,2.24,EC,1707342985
64,hawaiian paradise park,19.5933,-154.9731,296.97,81,75,1.54,US,1707342985
65,lodja,-3.4833,23.4333,294.16,97,31,0.26,CD,1707342986
66,keflavik,64.0049,-22.5624,270.39,74,0,6.69,IS,1707342986
67,fisterra,42.9049,-9.2629,290.23,87,100,14.23,ES,1707342986
68,college,64.8569,-147.8028,264.71,78,75,1.54,US,1707342986
69,katsuren-haebaru,26.3369,127.8719,291.58,86,100,3.6,JP,1707342986
70,kolonia town,6.964,158.206,301.21,78,100,4.12,FM,1707342986
71,kapa'a,22.0752,-159.319,300.14,67,20,6.69,US,1707342986
72,tofol,5.3248,163.0078,301.2,74,100,7.27,FM,1707342986
73,banchory,57.0517,-2.4882,273.2,81,3,3.07,GB,1707342986
74,adamstown,-25.066,-130.1015,298.07,84,100,8.83,PN,1707342986
75,stanley,54.868,-1.6985,272.19,92,0,0.51,GB,1707342986
76,thompson,55.7435,-97.8558,258.24,85,100,2.06,CA,1707342987
77,weno,7.4515,151.8468,301.12,78,100,5.14,FM,1707342987
78,codrington,-38.2667,141.9667,288.04,69,77,3.17,AU,1707342987
79,jinchang,38.4953,102.1739,265.08,62,18,2.03,CN,1707342987
80,bilibino,68.0546,166.4372,236.66,100,98,0.09,RU,1707342987
81,peace river,56.2501,-117.286,267.32,79,100,2.06,CA,1707342987
82,port lincoln,-34.7333,135.8667,290.45,73,49,5.81,AU,1707342784
83,stephenville,32.2207,-98.2023,291.35,58,0,5.66,US,1707342987
84,aitape,-3.1374,142.3475,298.73,89,100,2.75,PG,1707342987
85,sao vicente,-23.9631,-46.3919,301.63,60,75,2.24,BR,1707342758
86,itaituba,-4.2761,-55.9836,299.24,94,75,2.06,BR,1707342987
87,nemuro,43.3236,145.575,267.0,69,64,0.75,JP,1707342988
88,ancud,-41.8697,-73.8203,288.49,61,66,5.38,CL,1707342988
89,nova sintra,14.8667,-24.7167,294.64,76,0,7.22,CV,1707342988
90,kitimat,54.0524,-128.6534,276.43,78,24,1.34,CA,1707342988
91,hermanus,-34.4187,19.2345,292.48,83,41,4.22,ZA,1707342988
92,zambezi,-13.5432,23.1047,291.16,92,97,1.88,ZM,1707342988
93,gadzhiyevo,69.2551,33.3362,249.21,100,96,3.47,RU,1707342988
94,geraldton,-28.7667,114.6,301.38,14,0,8.23,AU,1707342988
95,pathein,16.7833,94.7333,295.77,81,0,4.71,MM,1707342989
96,bubaque,11.2833,-15.8333,299.61,76,91,6.54,GW,1707342989
97,kambarka,56.2694,54.2062,268.51,97,100,2.92,RU,1707342989
98,san kamphaeng,18.7449,99.1195,294.18,61,0,0.51,TH,1707342989
99,ulsteinvik,62.3432,5.8487,270.41,76,55,0.89,NO,1707342989
100,constantia,44.1833,28.65,281.53,66,100,6.19,RO,1707342989
101,cuatro cienegas de carranza,26.9833,-102.0833,303.21,9,44,3.64,MX,1707342989
102,salalah,17.0151,54.0924,298.2,27,0,4.63,OM,1707342989
103,babayevo,59.3936,35.9371,250.97,98,86,2.68,RU,1707342990
104,necochea,-38.5473,-58.7368,295.12,94,100,0.69,AR,1707342990
105,tiksi,71.6872,128.8694,251.59,99,100,2.16,RU,1707342990
106,ribeira grande,38.5167,-28.7,290.37,88,75,10.73,PT,1707342990
107,newman,37.3138,-121.0208,285.34,86,99,2.24,US,1707342979
108,amurzet,47.6967,131.0981,253.48,95,22,2.72,RU,1707342990
109,turuntayevo,52.2,107.6167,246.5,99,71,0.24,RU,1707342990
110,port mathurin,-19.6833,63.4167,299.62,80,72,7.51,MU,1707342990
111,tan-tan,28.438,-11.1032,291.57,33,81,2.81,MA,1707342990
112,yellowknife,62.456,-114.3525,257.27,96,100,2.06,CA,1707342879
113,wladyslawowo,54.7909,18.4009,273.71,87,97,3.95,PL,1707342990
114,talnakh,69.4865,88.3972,248.72,88,46,2.16,RU,1707342915
115,aasiaat,68.7098,-52.8699,257.51,85,100,13.74,GL,1707342991
116,kodiak,57.79,-152.4072,274.88,80,100,3.09,US,1707342991
117,saint-francois,46.4154,3.9054,283.84,84,100,2.57,FR,1707342991
118,antofagasta,-23.65,-70.4,298.75,72,4,3.08,CL,1707342878
119,ornskoldsvik,63.2909,18.7153,262.68,85,100,1.03,SE,1707342991
120,longyearbyen,78.2186,15.6401,266.06,73,40,10.8,SJ,1707342991
121,dalhart,36.0595,-102.5133,283.97,31,100,12.43,US,1707342991
122,kolonia,50.9333,6.95,277.92,90,75,1.54,DE,1707342704
123,ostersund,63.1792,14.6357,259.6,92,100,2.57,SE,1707342877
124,avarua,-21.2078,-159.775,302.18,79,40,9.26,CK,1707342992
125,wailua homesteads,22.0669,-159.378,299.39,68,20,6.69,US,1707342992
126,minas de marcona,-15.2119,-75.1103,294.15,86,87,5.43,PE,1707342992
127,sosua,19.7667,-70.5167,300.14,65,75,5.14,DO,1707342992
128,nadi,-17.8,177.4167,300.15,78,75,2.06,FJ,1707342992
129,linqiong,30.4159,103.4609,277.05,83,74,0.73,CN,1707342992
130,ust'-ilimsk,58.0006,102.6619,262.28,97,98,1.34,RU,1707342992
131,vershino-darasunskiy,52.35,115.5167,253.45,98,94,1.43,RU,1707342992
132,hasaki,35.7333,140.8333,273.37,56,49,1.55,JP,1707342992
133,san luis de la loma,17.2706,-100.8939,301.62,58,25,4.06,MX,1707342993
134,la sarre,48.8002,-79.1996,273.84,98,100,3.01,CA,1707342993
135,kauhajoki,62.4333,22.1833,250.14,100,96,1.81,FI,1707342993
136,port elizabeth,-33.918,25.5701,293.76,76,0,4.63,ZA,1707342993
137,lerma,42.0261,-3.7598,282.46,91,100,5.21,ES,1707342993
138,usogorsk,63.4106,48.6872,258.52,96,100,3.58,RU,1707342993
139,acarau,-2.8856,-40.12,300.74,79,40,6.71,BR,1707342993
140,tual,-5.6667,132.75,299.62,86,100,9.34,ID,1707342993
141,keelung,25.1283,121.7419,286.8,92,100,5.84,TW,1707342993
142,northam,51.0333,-4.2167,282.96,93,100,5.92,GB,1707342993
143,sechura,-5.5569,-80.8222,303.63,56,66,7.2,PE,1707342994
144,stuttgart,48.7823,9.177,283.45,83,20,4.63,DE,1707342715
145,lubang,13.8584,120.124,299.09,77,7,5.15,PH,1707342994
146,kone,-21.0595,164.8658,297.93,92,100,2.45,NC,1707342994
147,saipan,15.1355,145.701,298.54,69,40,6.17,MP,1707342994
148,tromso,69.6496,18.957,265.16,73,0,4.12,NO,1707342862
149,grand gaube,-20.0064,57.6608,300.03,85,54,0.89,MU,1707342994
150,male,4.1748,73.5089,301.12,74,75,6.69,MV,1707342994
151,lebu,-37.6167,-73.65,288.55,71,99,9.29,CL,1707342994
152,toliara,-23.35,43.6667,298.37,84,12,1.69,MG,1707342994
153,muroto-misakicho,33.2833,134.15,281.56,74,96,6.65,JP,1707342995
154,ukmerge,55.25,24.75,270.19,92,99,2.59,LT,1707342995
155,agat village,13.3886,144.6585,298.35,79,20,3.09,GU,1707342995
156,am timan,11.0297,20.2827,297.92,19,11,3.2,TD,1707342995
157,namdrik,5.5994,168.1028,301.05,76,46,10.46,MH,1707342995
158,carnarvon,-24.8667,113.6333,298.93,61,0,1.28,AU,1707342995
159,port isabel,26.0734,-97.2086,297.2,63,40,10.29,US,1707342995
160,fokino,42.9836,132.4047,263.75,67,0,4.15,RU,1707342995
161,ilulissat,69.2167,-51.1,267.16,79,100,4.12,GL,1707342995
162,kharp,66.8014,65.8081,267.82,94,100,4.05,RU,1707342995
163,mendeleyevsk,55.9082,52.2905,259.73,96,99,3.75,RU,1707342996
164,mount pearl,47.5166,-52.7813,271.46,86,100,9.26,CA,1707342996
165,ketchikan,55.3422,-131.6461,276.41,60,100,3.6,US,1707342996
166,brooks,50.5834,-111.8851,270.14,93,100,5.66,CA,1707342996
167,awjilah,29.1081,21.2869,287.5,36,3,1.72,LY,1707342996
168,utrik,11.2278,169.8474,299.62,76,100,9.47,MH,1707342996
169,turkmenbasy,40.0222,52.9552,281.58,81,0,6.17,TM,1707342996
170,mariinsk,56.2139,87.7472,257.72,95,100,1.69,RU,1707342996
171,almeirim,-1.5233,-52.5817,303.19,56,54,2.02,BR,1707342996
172,kosterevo,55.9299,39.6144,261.21,95,100,4.55,RU,1707342997
173,pisek,49.3088,14.1475,282.7,93,100,6.15,CZ,1707342997
174,ammon,43.4696,-111.9666,275.18,90,100,7.2,US,1707342997
175,north platte,41.1239,-100.7654,289.96,55,0,9.26,US,1707342997
176,berdigestyakh,62.0989,126.6992,236.28,100,94,1.36,RU,1707342997
177,ulanhot,46.0833,122.0833,256.16,81,2,2.39,CN,1707342997
178,vuktyl,63.8567,57.3094,263.77,94,100,4.02,RU,1707342997
179,champerico,14.3,-91.9167,305.45,61,12,4.44,GT,1707342997
180,pisco,-13.7,-76.2167,302.18,61,0,7.2,PE,1707342997
181,kidal,18.4411,1.4078,292.38,10,0,4.62,ML,1707342997
182,fallon,39.4735,-118.7774,281.99,56,100,8.23,US,1707342798
183,blagoveshchensk,50.2667,127.5333,258.49,72,0,3.0,RU,1707342998
184,mudgee,-32.5943,149.5871,290.16,73,93,4.79,AU,1707342998
185,luanda,-8.8368,13.2343,300.15,83,0,3.09,AO,1707342998
186,remire-montjoly,4.9167,-52.2667,301.17,78,20,3.6,GF,1707342998
187,port alfred,-33.5906,26.891,291.03,83,0,0.89,ZA,1707342998
188,ayr,55.4627,-4.6339,274.14,93,0,2.06,GB,1707342998
189,nar'yan-mar,67.6713,53.087,252.65,98,100,4.47,RU,1707342998
190,sengkang,-4.1279,120.0297,296.99,94,100,1.72,ID,1707342998
191,luderitz,-26.6481,15.1594,292.02,75,28,6.1,NA,1707342998
192,camacupa,-12.0167,17.4833,290.41,92,85,1.58,AO,1707342998
193,kamloops,50.6665,-120.3192,278.01,66,100,5.66,CA,1707342999
194,vilyuchinsk,52.9306,158.4028,260.3,88,100,2.28,RU,1707342999
195,mili,6.0815,171.735,301.14,76,100,9.04,MH,1707342999
196,vallenar,-28.5708,-70.7581,301.31,46,41,3.22,CL,1707342999
197,gorey,52.6747,-6.2925,280.08,79,100,5.15,IE,1707342999
198,chiquimulilla,14.0858,-90.3767,303.57,25,1,3.65,GT,1707342999
199,fukuecho,32.6881,128.8419,281.75,59,39,5.48,JP,1707342999
200,sretensk,52.2453,117.7093,248.29,99,91,0.53,RU,1707342999
201,kingston,17.997,-76.7936,298.8,62,20,10.8,JM,1707342727
202,jagdalpur,19.0667,82.0333,291.12,63,5,0.95,IN,1707342999
203,enewetak,11.3474,162.3373,299.8,80,100,9.01,MH,1707343000
204,kavaratti,10.5669,72.642,301.18,75,82,4.99,IN,1707343000
205,anadyr,64.75,177.4833,254.43,84,75,8.0,RU,1707343000
206,midelt,32.6852,-4.7451,281.79,29,29,2.6,MA,1707343000
207,edmundston,47.3737,-68.3251,274.28,53,0,0.51,CA,1707343000
208,san patricio,28.017,-97.5169,296.2,67,100,8.17,US,1707343000
209,ussel,45.55,2.3167,279.75,95,100,3.66,FR,1707343000
210,say,13.1007,2.3689,298.46,16,2,4.56,NE,1707343000
211,tevriz,57.509,72.4042,269.69,94,100,3.11,RU,1707343000
212,prince george,53.9166,-122.753,272.73,80,0,1.03,CA,1707343000
213,ponta delgada,37.7333,-25.6667,290.55,94,75,6.69,PT,1707343001
214,san andres,12.5847,-81.7006,299.13,71,27,8.19,CO,1707342880
215,rabo de peixe,37.8,-25.5833,289.88,94,75,6.69,PT,1707343001
216,nuuk,64.1835,-51.7216,264.51,95,100,2.14,GL,1707343001
217,masterton,-40.9597,175.6575,295.98,49,99,2.79,NZ,1707343001
218,waliso,8.5333,37.9833,291.05,60,90,2.79,ET,1707343001
219,el nido,11.1858,119.3956,299.19,79,79,3.32,PH,1707343001
220,sungai penuh,-2.0833,101.3833,290.94,97,97,0.61,ID,1707343001
221,shache,38.4167,77.2406,269.23,85,3,0.73,CN,1707343001
222,ormara,25.2088,64.6357,295.74,56,97,5.97,PK,1707343001
223,khanu woralaksaburi,16.0617,99.8606,299.23,31,3,0.69,TH,1707343002
224,isafjordur,66.0755,-23.124,266.2,76,4,2.54,IS,1707343002
225,petropavlovsk-kamchatsky,53.0452,158.6483,259.48,66,20,5.0,RU,1707343002
226,alice springs,-23.7,133.8833,297.16,26,49,1.34,AU,1707343002
227,salinas,36.6777,-121.6555,282.94,92,100,6.69,US,1707343002
228,vila velha,-20.3297,-40.2925,301.12,88,75,2.57,BR,1707343002
229,salem,11.65,78.1667,293.58,74,46,1.29,IN,1707343002
230,figuig (centre),32.1089,-1.2286,284.19,24,0,2.03,MA,1707343002
231,garoowe,8.4054,48.4845,294.37,74,54,5.58,SO,1707343002
232,bamboo flat,11.7,92.7167,296.2,94,23,1.03,IN,1707343002
233,haiku-pauwela,20.9219,-156.3051,298.85,62,20,11.83,US,1707343002
234,lazaro cardenas,17.9583,-102.2,301.4,59,4,5.02,MX,1707343002
235,tura,25.5198,90.2201,284.01,42,0,1.39,IN,1707343003
236,luang namtha,20.9497,101.4011,287.83,67,0,0.49,LA,1707343003
237,meulaboh,4.1363,96.1285,298.23,88,38,1.53,ID,1707343003
238,doma,8.3833,8.35,300.95,19,98,1.65,NG,1707343003
239,el calafate,-50.3408,-72.2768,285.1,55,27,9.03,AR,1707343003
240,udachny,66.4167,112.4,243.21,100,100,1.08,RU,1707343003
241,ta`u,-14.2336,-169.5144,301.14,85,100,12.23,AS,1707343003
242,lata,40.1629,-8.3327,289.16,91,100,2.86,PT,1707343003
243,sharjah,25.3573,55.4033,291.14,59,0,3.6,AE,1707343003
244,dompu,-8.5356,118.4622,297.23,93,96,0.73,ID,1707343003
245,burela de cabo,43.65,-7.4,289.36,66,100,5.67,ES,1707343003
246,ust-tsilma,65.441,52.1498,256.82,97,100,3.13,RU,1707343004
247,mammoth lakes,37.6485,-118.9721,272.55,73,75,5.66,US,1707343004
248,sandnessjoen,66.0217,12.6316,271.21,93,100,2.03,NO,1707343004
249,pacocha,-17.5833,-71.3333,300.23,65,0,5.14,PE,1707343004
250,port saint john's,-31.6229,29.5448,294.61,82,79,3.69,ZA,1707343004
251,merizo village,13.2658,144.6691,298.14,82,100,7.17,GU,1707343004
252,capao bonito,-24.0058,-48.3494,297.55,63,77,2.96,BR,1707343004
253,gizo,-8.103,156.8419,301.69,80,100,7.44,SB,1707343004
254,pimentel,-6.8367,-79.9342,304.31,51,0,8.75,PE,1707343004
255,smithers,54.7804,-127.1743,270.33,86,75,2.06,CA,1707343005
256,mermoz boabab,14.7065,-17.4758,300.46,57,0,3.09,SN,1707343005
257,freetown,8.484,-13.2299,298.69,87,10,3.49,SL,1707343005
258,myitkyina,25.3833,97.4,285.72,93,27,1.34,MM,1707343005
259,argostolion,38.1811,20.489,285.79,56,100,3.66,GR,1707343005
260,cifteler,39.3831,31.0392,280.59,66,98,2.05,TR,1707343005
261,harnai,30.1005,67.9374,284.2,41,0,1.2,PK,1707343006
262,lewistown,40.5992,-77.5714,282.82,37,0,2.06,US,1707343006
263,long beach,33.767,-118.1892,289.47,71,100,7.2,US,1707343006
264,callao,-12.0667,-77.15,301.31,61,0,6.17,PE,1707343006
265,takoradi,4.8845,-1.7554,299.18,86,9,2.69,GH,1707343006
266,quellon,-43.1167,-73.6167,287.2,66,98,2.49,CL,1707343006
267,varasti,44.2378,26.2486,283.91,67,100,3.98,RO,1707343006
268,saint-philippe,-21.3585,55.7679,298.92,86,92,4.86,RE,1707343006
269,vadso,70.0744,29.7487,259.24,85,75,2.57,NO,1707343006
270,guanambi,-14.2233,-42.7814,299.93,58,100,1.76,BR,1707343006
271,quepos,9.4236,-84.1652,302.45,68,37,1.53,CR,1707342803
272,cabo san lucas,22.8909,-109.9124,298.32,50,20,8.75,MX,1707343006
273,mil'kovo,55.6078,37.7956,266.17,94,100,5.76,RU,1707343007
274,"laikit, laikit ii (dimembe)",1.4792,124.9735,295.62,100,40,1.03,ID,1707343007
275,okhotsk,59.3833,143.3,247.99,83,100,3.61,RU,1707343007
276,hamilton,39.1834,-84.5333,288.12,35,100,0.0,US,1707343007
277,mburucuya,-28.0454,-58.2245,304.66,47,100,1.76,AR,1707343007
278,klaksvik,62.2266,-6.589,273.66,61,98,9.64,FO,1707343007
279,kapuskasing,49.4169,-82.4331,276.15,81,100,1.03,CA,1707343007
280,rikaze,29.25,88.8833,270.8,20,0,1.14,CN,1707343007
281,armacao de buzios,-22.7469,-41.8817,302.18,87,100,1.79,BR,1707343007
282,port-vila,-17.7338,168.3219,299.93,94,40,2.06,VU,1707343007
283,san pedro pochutla,15.7333,-96.4667,300.85,57,30,2.63,MX,1707343007
284,vila franca do campo,37.7167,-25.4333,290.38,95,100,6.95,PT,1707343008
285,chibougamau,49.9168,-74.3659,271.94,86,100,2.57,CA,1707343008
286,mount isa,-20.7333,139.5,299.02,50,40,2.06,AU,1707343008
287,kanniyakumari,8.0833,77.5667,297.97,76,50,7.6,IN,1707343008
288,zaragoza,41.6561,-0.8773,288.16,56,20,7.72,ES,1707342864
289,nikolayevsk-on-amure,53.1406,140.73,251.07,100,96,1.33,RU,1707343008
290,shira,54.4911,89.9531,254.25,92,86,1.31,RU,1707343008
291,lukhovitsy,54.9728,39.0361,271.31,90,100,7.75,RU,1707343008
292,vila do maio,15.1333,-23.2167,298.59,74,0,6.25,CV,1707343008
293,afaahiti,-17.75,-149.2833,302.08,89,100,15.38,PF,1707343008
294,puerto leguizamo,-0.1934,-74.7819,299.73,91,92,0.62,CO,1707343008
295,richards bay,-28.783,32.0377,297.56,87,100,6.46,ZA,1707343008
296,melekeok village,7.4957,134.6367,300.03,78,98,7.71,PW,1707343009
297,usinsk,65.9939,57.5281,259.86,92,100,4.47,RU,1707342831
298,labrador city,52.9463,-66.9114,266.1,90,100,1.03,CA,1707343009
299,mizdah,31.4451,12.9801,285.25,38,0,3.26,LY,1707343009
300,mahina,-17.5065,-149.489,303.02,79,75,7.72,PF,1707342992
301,aras-asan,8.8908,126.3033,297.69,88,100,0.82,PH,1707343009
302,ar rass,25.8694,43.4973,285.4,29,6,4.39,SA,1707343009
303,meru,0.0463,37.6559,290.08,79,38,1.63,KE,1707343009
304,tuni,17.35,82.55,295.46,88,0,0.74,IN,1707343009
305,khenchela,35.4358,7.1433,280.26,58,0,2.0,DZ,1707343009
306,gummi,12.1436,5.1081,296.22,17,0,4.5,NG,1707343009
307,qarqaraly,49.4058,75.4742,260.02,95,28,3.91,KZ,1707343010
308,cheyenne,41.14,-104.8203,280.36,56,100,1.34,US,1707343010
309,nizhneudinsk,54.9076,99.0276,254.69,97,72,1.2,RU,1707343010
310,gulf shores,30.246,-87.7008,290.01,62,0,6.17,US,1707343010
311,klyuchi,52.2667,79.1667,271.38,93,100,4.8,RU,1707343010
312,quesnel,52.9999,-122.5029,270.43,80,100,0.0,CA,1707343010
313,malvan,16.0667,73.4667,298.2,60,32,4.94,IN,1707343010
314,peterhead,57.5058,-1.7981,273.37,70,17,7.73,GB,1707343010
315,chui,-33.6971,-53.4616,298.34,69,26,5.11,UY,1707343010
316,korocha,50.8107,37.1953,276.55,96,100,7.9,RU,1707343010
317,doganyol,38.3118,39.0382,278.92,93,91,1.59,TR,1707343010
318,chapaev,50.2,51.1667,270.53,97,91,7.39,KZ,1707343011
319,santa cruz,-17.8,-63.1667,306.85,49,20,7.2,BO,1707342889
320,praia da vitoria,38.7333,-27.0667,289.29,88,20,8.53,PT,1707343011
321,diapaga,12.0708,1.7889,297.64,16,5,3.56,BF,1707343011
322,turpan,42.9333,89.1667,272.53,57,1,1.01,CN,1707343011
323,sorong,-0.8833,131.25,300.5,78,100,3.42,ID,1707342948
324,port augusta,-32.5,137.7667,294.19,48,2,3.36,AU,1707343011
325,serdar,38.9764,56.2757,283.44,47,96,1.02,TM,1707343011
326,bannu,32.9854,70.6027,284.14,33,0,1.88,PK,1707343011
327,kununurra,-15.7667,128.7333,299.14,78,40,3.6,AU,1707343011
328,guerrero negro,27.9769,-114.0611,290.77,51,5,8.33,MX,1707343011
329,celestun,20.8667,-90.4,296.46,57,0,4.54,MX,1707343011
330,gaalkacyo,6.7697,47.4308,295.96,78,28,6.86,SO,1707343012
331,mazagao,-0.115,-51.2894,304.18,77,35,2.9,BR,1707343012
332,polyarnyy,69.1989,33.4478,250.46,100,89,3.64,RU,1707343012
333,lepsy,46.235,78.9456,272.15,97,100,6.01,KZ,1707343012
334,sitka,57.0531,-135.33,275.09,75,20,0.0,US,1707342823
335,naberera,-4.2,36.9333,291.3,88,1,2.63,TZ,1707343012
336,yulinshi,38.2906,109.7494,265.01,87,65,0.35,CN,1707343012
337,mezzouna,34.5776,9.8419,286.96,47,0,3.12,TN,1707343012
338,east london,-33.0153,27.9116,293.64,63,0,3.46,ZA,1707343012
339,punta arenas,-53.15,-70.9167,285.21,58,75,7.72,CL,1707343012
340,touros,-5.1989,-35.4608,300.66,79,84,5.44,BR,1707343012
341,bom jesus,-9.0744,-44.3586,302.14,54,100,1.47,BR,1707343013
342,sirte,31.2089,16.5887,290.79,38,93,4.11,LY,1707343013
343,vorgashor,67.5833,63.95,264.39,88,100,4.82,RU,1707343013
344,arawa,-6.2132,155.5367,302.2,75,100,1.18,PG,1707343013
345,mont-dore,-22.2833,166.5833,300.93,99,100,5.58,NC,1707343013
346,lospalos,-8.5186,127.0025,295.71,94,90,0.88,TL,1707343013
347,dudinka,69.4058,86.1778,249.64,98,41,2.24,RU,1707343013
348,juneau,58.3019,-134.4197,271.71,97,20,0.0,US,1707343013
349,chonchi,-42.6128,-73.8092,290.71,57,79,1.11,CL,1707343013
350,fort mcmurray,56.7268,-111.381,265.92,86,100,1.03,CA,1707343013
351,conceicao do araguaia,-8.2578,-49.2647,300.16,78,90,1.09,BR,1707343014
352,la passe,45.5549,-0.8967,285.92,93,100,9.15,FR,1707343014
353,kilifi,-3.6305,39.8499,299.64,87,9,4.25,KE,1707343014
354,margate,51.3813,1.3862,279.09,82,100,0.45,GB,1707342904
355,villa emilio carranza,19.9667,-96.6,296.45,65,4,7.32,MX,1707343014
356,yigo village,13.5361,144.8886,297.45,76,0,5.66,GU,1707343014
357,hami,42.8,93.45,270.22,49,73,0.88,CN,1707343014
358,khanpur,28.6453,70.6567,287.76,47,77,2.52,PK,1707343014
359,akureyri,65.6835,-18.0878,268.11,68,75,3.09,IS,1707343014
360,ceylanpinar,36.8472,40.05,283.8,88,88,2.74,TR,1707343014
361,el haouaria,37.05,11.0144,288.16,87,0,9.47,TN,1707343014
362,north bend,43.4065,-124.2243,283.85,87,75,3.6,US,1707343014
363,broome,42.2506,-75.833,278.51,55,91,0.54,US,1707343015
364,baihe,22.15,107.2333,281.43,83,100,2.61,CN,1707343015
365,nuku'alofa,-21.1333,-175.2,302.34,89,20,5.14,TO,1707342744
366,labytnangi,66.6572,66.4183,266.94,94,100,5.83,RU,1707343015
367,krasnyy chikoy,50.3643,108.7512,250.06,100,97,0.58,RU,1707343015
368,jeddah,21.5169,39.2192,298.07,47,40,2.06,SA,1707343015
369,dhamar,14.5427,44.4051,286.18,64,29,1.34,YE,1707343015
370,berezovyy,51.6667,135.7,255.27,99,100,0.59,RU,1707343015
371,wagar,16.1525,36.2032,294.61,57,100,4.86,SD,1707343015
372,whakatane,-37.9585,176.9854,299.75,77,44,2.24,NZ,1707342985
373,spring creek,40.7266,-115.5859,276.38,89,100,0.45,US,1707343016
374,aykhal,66.0,111.5,243.96,100,90,1.23,RU,1707343016
375,tolanaro,-25.0319,46.9987,297.19,88,75,3.6,MG,1707343016
376,la'ie,21.6477,-157.9253,301.13,68,17,4.02,US,1707343016
377,mar del plata,-38.0023,-57.5575,298.68,72,75,3.13,AR,1707343016
378,la ronge,55.1001,-105.2842,264.29,79,100,4.12,CA,1707343016
379,serro,-18.6047,-43.3794,293.49,96,100,1.06,BR,1707343016
380,howrah,22.5892,88.3103,292.15,59,3,3.09,IN,1707343016
381,opuwo,-18.0607,13.84,295.19,70,86,1.19,NA,1707343016
382,recani,31.2846,-4.2688,286.93,23,0,2.99,MA,1707343016
383,bonny,4.4522,7.1681,300.06,79,39,3.0,NG,1707343017
384,arteche,12.2645,125.4048,297.23,86,31,2.18,PH,1707343017
385,alofi,-19.0595,-169.9187,303.09,79,75,2.57,NU,1707343017
386,kani keli,-12.9536,45.1033,301.42,79,100,4.27,YT,1707343017
387,huayin,34.5675,110.0921,272.5,75,41,1.46,CN,1707343017
388,isangel,-19.55,169.2667,299.21,83,75,3.09,VU,1707343017
389,weihai,37.5017,122.1136,272.71,60,27,6.57,CN,1707343017
390,saint-pierre,-21.3393,55.4781,298.97,73,75,3.09,RE,1707342898
391,severo-yeniseyskiy,60.3725,93.0408,260.69,99,87,1.34,RU,1707343017
392,xilin hot,43.9667,116.0333,250.4,97,30,2.62,CN,1707343017
393,santa ana,33.7456,-117.8678,289.29,67,75,5.66,US,1707342986
394,mu'minobod,38.1085,70.0285,274.5,64,88,4.56,TJ,1707343018
395,normal,40.5142,-88.9906,282.75,76,0,5.36,US,1707343018
396,quibala,-10.7337,14.98,291.36,95,92,0.23,AO,1707343018
397,kudymkar,59.0173,54.656,263.86,98,99,1.82,RU,1707343018
398,mumbwa,-14.9783,27.0619,291.48,90,100,2.11,ZM,1707343018
399,lagoa,39.05,-27.9833,289.17,82,76,13.94,PT,1707343018
400,kabare,-2.4683,28.8242,289.28,94,0,0.37,CD,1707343018
401,cascais,38.6979,-9.4215,290.34,94,100,6.71,PT,1707343018
402,orchard homes,46.8633,-114.0484,274.59,88,100,1.79,US,1707343018
403,nichinan,31.6,131.3667,280.97,76,79,2.6,JP,1707343018
404,havre,49.5833,0.3333,285.48,100,100,2.06,FR,1707343018
405,alesund,62.4723,6.1549,270.42,81,66,3.6,NO,1707343018
406,castillos,-34.1667,-53.8333,298.37,68,32,4.87,UY,1707343019
407,winnemucca,40.973,-117.7357,277.18,70,100,6.17,US,1707343019
408,khovd,48.0056,91.6419,252.13,93,51,0.42,MN,1707343019
409,eastman,32.1977,-83.1777,288.47,33,0,0.0,US,1707343019
410,joshimath,30.5667,79.5667,272.96,50,57,4.16,IN,1707343019
411,kalmunai,7.4167,81.8167,298.04,72,77,2.9,LK,1707342782
412,rio grande,-32.035,-52.0986,302.21,80,46,7.23,BR,1707343019
413,manavalakurichi,8.1333,77.3,296.91,75,57,3.15,IN,1707343019
414,yanam,16.7333,82.2167,293.82,94,0,0.39,IN,1707343019
415,mazatlan,23.2167,-106.4167,298.66,62,74,1.79,MX,1707343019
416,al wafrah,28.6392,47.9306,286.62,41,0,4.02,KW,1707343020
417,witu,-2.3889,40.4382,299.34,86,55,3.32,KE,1707343020
418,balkanabat,39.5108,54.3671,283.77,48,71,1.44,TM,1707343020
419,abepura,-2.6333,140.5833,297.6,94,20,1.03,ID,1707343020
420,kulhudhuffushi,6.6221,73.07,300.03,73,69,2.78,MV,1707343020
421,dwarka,22.2394,68.9678,295.46,54,100,4.78,IN,1707343020
422,puerto deseado,-47.7503,-65.8938,287.55,56,29,9.84,AR,1707343020
423,melilla,35.2937,-2.9383,290.36,42,0,4.12,ES,1707342786
424,hovd,48.0056,91.6419,252.13,93,51,0.42,MN,1707343020
425,bijie,27.3125,105.2942,273.6,99,100,1.84,CN,1707343020
426,ngaoundere,7.3167,13.5833,292.19,24,44,2.11,CM,1707343020
427,fale old settlement,-9.3852,-171.2468,301.63,81,100,9.02,TK,1707343020
428,winkler,49.1817,-97.941,275.15,93,100,4.12,CA,1707343021
429,ouarzazat,30.9189,-6.8934,287.31,21,0,1.03,MA,1707343021
430,malango,-2.9627,119.9001,292.72,95,100,1.38,ID,1707343021
431,sisimiut,66.9395,-53.6735,259.8,94,100,9.92,GL,1707343021
432,louiseville,46.2559,-72.9415,273.16,86,100,0.51,CA,1707343021
433,bel ombre,-4.6167,55.4167,300.06,89,75,5.14,SC,1707343021
434,el bauga,18.262,33.9081,290.12,24,76,4.81,SD,1707343021
435,beloyarskiy,63.7119,66.6722,269.82,89,100,4.47,RU,1707343021
436,mutoko,-17.397,32.2268,294.34,69,98,0.4,ZW,1707343021
437,zhangye,38.9342,100.4517,267.84,52,1,1.22,CN,1707343021
438,mahibadhoo,3.7833,72.9667,300.73,77,33,7.49,MV,1707343022
439,extrema,-22.8547,-46.3183,294.46,82,100,1.65,BR,1707343022
440,fort bragg,35.139,-79.006,286.23,32,0,3.6,US,1707343022
441,zin'kiv,50.2081,34.3638,276.37,93,100,6.7,UA,1707343022
442,leh,34.1667,77.5833,249.36,75,20,1.98,IN,1707343022
443,jamestown,42.097,-79.2353,280.95,36,0,1.54,US,1707342919
444,fort st. john,56.2499,-120.8529,265.09,79,100,2.06,CA,1707343022
445,kristiansund,63.1115,7.732,268.51,68,40,2.57,NO,1707343022
446,happy valley-goose bay,53.3168,-60.3315,264.32,57,75,2.57,CA,1707343022
447,tobelo,1.7284,128.0095,298.86,83,89,1.27,ID,1707343023
448,melfort,52.8667,-104.6177,268.22,86,100,2.06,CA,1707343023
449,aripuana,-9.1667,-60.6333,300.57,73,92,0.58,BR,1707343023
450,cockburn town,21.4612,-71.1419,297.2,70,0,10.42,TC,1707343023
451,saldanha,-33.0117,17.9442,293.18,84,67,4.15,ZA,1707343023
452,marang,5.2056,103.2059,298.11,87,56,1.18,MY,1707343023
453,villa gesell,-37.2639,-56.973,302.62,77,94,5.73,AR,1707343023
454,kargil,34.5667,76.1,243.85,89,80,1.14,IN,1707343023
455,cayeli,41.0923,40.7292,284.94,62,22,3.71,TR,1707343023
456,thinadhoo,0.5333,72.9333,301.01,76,19,4.16,MV,1707343023
457,lerwick,60.1545,-1.1494,273.15,56,60,5.94,GB,1707343024
458,lompoc,34.6391,-120.4579,287.98,66,100,4.12,US,1707343024
459,harstad,68.799,16.5293,268.79,93,98,6.71,NO,1707343024
460,namibe,-15.1961,12.1522,298.76,78,76,3.72,AO,1707343024
461,bull savanna,17.8868,-77.5902,296.34,53,0,7.01,JM,1707343024
462,dongtai,32.8523,120.3095,272.4,79,100,2.64,CN,1707343024
463,hopelchen,19.7667,-89.85,302.73,22,0,1.48,MX,1707343024
464,grande prairie,55.1667,-118.8027,268.25,80,100,1.03,CA,1707343024
465,nanning,22.8167,108.3167,280.4,79,100,2.55,CN,1707343024
466,red hill,33.9996,-79.2581,287.25,42,0,3.83,US,1707343025
467,huarmey,-10.0681,-78.1522,299.74,74,11,3.96,PE,1707343025
468,westport,41.1415,-73.3579,281.17,55,0,3.09,US,1707343025
469,cittanova,38.3552,16.0798,285.92,73,81,2.33,IT,1707343025
470,pingliang,35.5392,106.6861,266.77,94,18,1.15,CN,1707343025
471,pechora,65.1472,57.2244,260.29,94,100,3.13,RU,1707343025
472,mhamid,29.82,-5.72,288.25,20,0,2.36,MA,1707343025
473,basco,20.4487,121.9702,296.34,82,40,9.7,PH,1707343026
474,tangalle,6.024,80.7911,295.24,88,45,4.98,LK,1707343026
475,pontes e lacerda,-15.2261,-59.3353,303.58,58,93,1.83,BR,1707343026
476,bullhead city,35.1478,-114.5683,289.83,56,100,8.75,US,1707342908
477,palmas,-10.2128,-48.3603,304.08,66,20,2.06,BR,1707343026
478,kaindy,42.8247,73.6759,271.9,96,100,0.92,KG,1707343026
479,nantucket,41.2835,-70.0995,275.37,87,75,7.39,US,1707343026
480,taulaga,-11.0553,-171.0883,301.56,82,100,12.0,AS,1707343026
481,horta,38.5333,-28.6333,289.95,88,75,10.73,PT,1707343026
482,eureka,40.8021,-124.1637,283.67,84,100,2.68,US,1707342877
483,medvezh'yegorsk,62.9167,34.4667,249.96,100,88,2.38,RU,1707343027
484,neklyudovo,56.4114,43.9814,262.14,96,100,3.88,RU,1707343027
485,serhiyivka,46.0272,30.3768,281.9,69,2,5.7,UA,1707343027
486,yichun,47.7,128.9,252.26,100,99,1.1,CN,1707343027
487,hilo,19.7297,-155.09,297.09,78,75,2.24,US,1707342975
488,nanaimo,49.1663,-123.936,282.2,76,40,9.26,CA,1707342887
489,kolokani,13.5728,-8.0339,297.73,11,67,4.02,ML,1707343027
490,rongelap,11.1635,166.8941,299.58,80,81,10.13,MH,1707343027
491,tralee,52.2704,-9.7026,278.65,88,100,6.5,IE,1707343027
492,ushtobe,45.2514,77.9838,272.13,96,100,3.75,KZ,1707343028
493,yavas,54.4159,42.8491,271.83,95,96,4.0,RU,1707343028
494,orlov,58.5395,48.8917,253.92,100,94,0.76,RU,1707343028
495,flying fish cove,-10.4217,105.6791,297.97,94,75,1.03,CX,1707343028
496,nelson,-41.2833,173.2833,294.98,79,84,0.89,NZ,1707343028
497,mabaruma,8.2,-59.7833,300.27,74,32,3.84,GY,1707342754
498,dalandzadgad,43.5708,104.425,257.87,75,3,1.1,MN,1707343028
499,santiago de cao,-7.9589,-79.2392,299.22,73,0,6.17,PE,1707343028
500,waddan,29.1614,16.139,287.4,30,6,2.17,LY,1707343028
501,fort leonard wood,37.7057,-92.1572,285.65,51,100,4.24,US,1707343029
502,devecser,47.1032,17.438,281.95,86,89,2.35,HU,1707343029
503,souillac,-20.5167,57.5167,300.01,94,75,5.66,MU,1707343029
504,sao jose da coroa grande,-8.8978,-35.1478,300.5,78,33,5.45,BR,1707343029
505,guiuan,11.0333,125.7247,300.17,77,46,5.69,PH,1707343029
506,archangelos,36.2149,28.1149,288.88,83,99,5.52,GR,1707343029
507,maun,-19.9833,23.4167,299.13,65,0,3.6,BW,1707343029
508,pangai,-19.8,-174.35,302.21,84,40,3.09,TO,1707342739
509,basoko,1.2391,23.616,297.6,50,52,0.81,CD,1707343030
510,shushtar,32.0455,48.8567,286.49,53,5,1.26,IR,1707343030
511,cambria,35.5641,-121.0808,285.8,92,91,5.36,US,1707342774
512,coquimbo,-29.9533,-71.3436,296.0,73,0,6.17,CL,1707343030
513,lillesand,58.2488,8.3778,271.98,93,40,1.54,NO,1707343030
514,aketi,2.7388,23.7833,295.99,41,5,0.85,CD,1707343030
515,suseni,46.6667,25.55,278.48,83,100,4.89,RO,1707343030
516,pandan,14.0453,124.1694,297.4,82,30,1.69,PH,1707343030
517,rakvere,59.3464,26.3558,263.81,91,99,1.96,EE,1707343030
518,dehloran,32.6941,47.2679,286.17,54,0,1.83,IR,1707343030
519,amparafaravola,-17.5833,48.2167,294.03,93,91,0.59,MG,1707343031
520,barranca,-10.75,-77.7667,298.8,74,16,3.65,PE,1707343031
521,cintruenigo,42.0777,-1.8088,281.78,70,90,4.01,ES,1707343031
522,astara,38.5,48.6667,277.14,61,3,3.68,AZ,1707343031
523,damboa,11.156,12.7576,293.31,28,44,3.66,NG,1707343031
524,porto novo,6.4965,2.6036,302.05,58,22,1.93,BJ,1707343031
525,skeldon,5.8833,-57.1333,299.86,81,46,3.68,GY,1707343031
526,rabaul,-4.1967,152.1721,300.6,83,100,7.81,PG,1707343031
527,kabinda,-6.1333,24.4833,294.14,82,16,1.02,CD,1707343031
528,barra de santo antonio,-9.4047,-35.5072,300.75,79,38,6.18,BR,1707343032
529,plettenberg bay,-34.0527,23.3716,291.5,80,6,3.35,ZA,1707343032
530,carutapera,-1.195,-46.02,300.19,79,85,3.68,BR,1707343032
531,wuhai,39.6647,106.8122,265.98,62,7,0.6,CN,1707343032
532,karratha,-20.7377,116.8463,302.19,47,9,4.12,AU,1707343032
533,naxos,37.1056,25.3764,289.99,80,100,9.39,GR,1707343032
534,matiguas,12.8373,-85.4622,303.0,27,1,3.94,NI,1707343032
535,island harbour,50.724,-1.2758,279.94,95,100,2.86,GB,1707343032
536,homer,59.6425,-151.5483,275.39,82,0,3.58,US,1707343032
537,ogdensburg,44.6942,-75.4863,275.16,66,100,0.0,US,1707343032
538,dunedin,-45.8742,170.5036,290.82,53,8,5.81,NZ,1707343033
539,belokurikha,51.9959,84.9896,268.59,80,82,2.65,RU,1707343033
540,kill devil hills,36.0307,-75.676,280.15,78,100,4.63,US,1707343033
541,daru,-9.0763,143.2092,298.15,92,99,4.39,PG,1707343033
542,sinabang,2.4803,96.3801,299.84,81,100,1.19,ID,1707343033
543,fernie,49.5,-115.0687,279.26,82,100,0.75,CA,1707343008
544,viedma,-40.8135,-62.9967,297.23,30,72,6.14,AR,1707343033
545,tanumah,27.1,44.1333,285.54,28,0,2.63,SA,1707343034
546,kayangel,8.0823,134.7173,300.32,75,96,9.24,PW,1707343034
547,puerto colombia,10.9878,-74.9547,297.2,73,32,7.03,CO,1707343034
548,mwene-ditu,-7.0,23.45,293.05,89,15,1.52,CD,1707343034
549,ciudad melchor muzquiz,27.8833,-101.5167,297.81,27,85,3.35,MX,1707343034
550,laboulaye,-34.1266,-63.3912,314.46,17,57,2.17,AR,1707343034
551,cill airne,52.05,-9.5167,278.67,90,100,4.47,IE,1707343034
552,zalesovo,53.9939,84.7431,260.32,95,96,1.7,RU,1707343034
553,punta cardon,11.6581,-70.215,297.74,84,100,2.3,VE,1707343035
554,belyy yar,53.6039,91.3903,249.09,77,82,0.0,RU,1707343035
555,newport,51.5877,-2.9984,279.51,88,100,2.73,GB,1707343035
556,laguna paiva,-31.3039,-60.6589,309.81,47,69,1.34,AR,1707343035
557,san antonio de pale,-1.4014,5.6325,301.33,76,23,1.64,GQ,1707343035
558,al burayqah,30.4062,19.5739,289.93,44,94,3.46,LY,1707343035
559,cole harbour,44.6724,-63.4751,271.86,80,100,3.09,CA,1707343035
560,alexandria,31.2156,29.9553,286.45,81,5,2.62,EG,1707342858
561,farasan,16.7022,42.1183,298.61,69,70,1.12,SA,1707343035
562,revda,56.801,59.9303,257.24,100,100,0.43,RU,1707343036
563,igra,57.5558,53.0547,263.43,97,95,0.77,RU,1707342850
564,uyuni,-20.4597,-66.825,287.76,44,98,2.89,BO,1707343036
565,mamuju,-2.6748,118.8885,298.61,85,100,1.88,ID,1707343036
566,nova xavantina,-14.6667,-52.35,298.96,81,97,2.31,BR,1707343036
567,rawson,-43.3002,-65.1023,298.9,17,22,9.44,AR,1707343036
568,tvoroyri,61.5556,-6.8111,275.39,64,59,7.97,FO,1707343036
569,juva,56.4368,57.9478,256.07,100,76,1.39,RU,1707343036
570,chabahar,25.2919,60.643,294.38,46,100,2.58,IR,1707343036
571,palembang,-2.9167,104.7458,297.2,100,75,1.03,ID,1707343037
572,eyl,7.9803,49.8164,297.54,77,14,7.97,SO,1707343037
573,uusikaupunki,60.8004,21.4084,260.19,97,50,1.66,FI,1707343037
574,brookings,44.3114,-96.7984,283.92,84,100,8.78,US,1707342901
575,magadan,59.5667,150.8,248.3,86,20,2.85,RU,1707343037
576,galle,6.0367,80.217,296.74,91,75,2.6,LK,1707343037
577,portland,45.5234,-122.6762,284.22,80,75,3.09,US,1707342987
578,concepcion,-36.827,-73.0498,297.04,50,0,9.26,CL,1707343037
579,tamanrasset,22.785,5.5228,285.1,10,0,2.06,DZ,1707343037
580,koh kong,11.6175,102.9806,297.91,89,75,1.3,KH,1707343037
581,brandon,27.9378,-82.2859,296.07,51,0,3.58,US,1707342979
582,nchelenge,-9.3451,28.734,294.41,87,38,1.1,ZM,1707343038
